timestamp,title,url,author,tags,thumbnail,name,claimed,mapClass
8/28/2015 12:41:19,1918 flu pandemic,https://en.wikipedia.org/wiki/1918_flu_pandemic,1918 flu pandemic,virus; influenza; pandemic; no map,,,,flupandemic
8/22/2015 15:27:31,1949 Dutch Motorcycle Grand Prix,https://en.wikipedia.org/wiki/1949_Dutch_TT,1949 Dutch TT,dutch; track; europe; motorcycle,https://upload.wikimedia.org/wikipedia/commons/e/ee/Assen_van_drenthe_-_old_circuit_map.jpg,,,DutchMotorcycleGrandPrix
8/28/2015 12:12:30,6th Airborne Division June 1944,https://en.wikipedia.org/wiki/6th_Airborne_Division_(United_Kingdom),6th Airborne Division (United Kingdom),D-Day; Normandy; WWII; Military,https://upload.wikimedia.org/wikipedia/commons/f/f4/6th_Airborne_Division_June_1944.png,,,6thAirborneDivisionJune1944
8/22/2015 19:46:04,A map of Dalarna,https://en.wikipedia.org/wiki/Dalecarlian_Rebellions,Dalecarlian Rebellions,Dalecarlian; Rebellions; sweden; europe,https://upload.wikimedia.org/wikipedia/commons/d/d7/Sverigekarta-Landskap_Dalarna.svg,,,AmapofDalarna
8/28/2015 17:07:40,Aerial view of the park with sections of the park labeled,https://en.wikipedia.org/wiki/Joseph_Knowland_State_Arboretum_and_Park,Joseph Knowland State Arboretum and Park,Oakland Zoo; Parks in Oakland; City of Oakland; Knowland Park,https://upload.wikimedia.org/wikipedia/commons/a/a0/Aerial_View_of_Knowland_Park_in_Oakland_California.jpg,Dylan Moriarty,Yes,Aerialviewoftheparkwithsectionsoftheparklabeled
8/22/2015 13:51:12,Allah Akbar Garrison,https://en.wikipedia.org/wiki/Allah_Akbar_Garrison,Allah Akbar Garrison,allah akbar garrison; iran; middle east; no map,,,,AllahAkbarGarrison
8/22/2015 19:59:06,Area codes in California,https://en.wikipedia.org/wiki/Area_code_831,Area Code 831,area code; california; phone; telecommunication; usa,https://40.media.tumblr.com/c7dd6b6aaa236cb1c3d74de1e0a0f12d/tumblr_nsqlwyRp4s1uvxx7mo1_500.png,Rachel Stevenson,Yes,AreacodesinCalifornia
8/28/2015 21:01:07,AT&T Park,https://en.wikipedia.org/wiki/AT%26T_Park,AT&T Park,AT&T Park; Sports; no map,,Dale Kunce ,Yes,AT&TPark
8/22/2015 13:40:27,Awash River,https://en.wikipedia.org/wiki/Awash_River#Overview,Awash River,awash; river; africa,https://upload.wikimedia.org/wikipedia/commons/9/94/Awashrivermap.png,,,AwashRiver
8/22/2015 19:23:30,Balleny Seamounts,https://en.wikipedia.org/wiki/Balleny_Seamounts,Balleny Seamounts,seamounts; ballney islands; antartica; world; no map,,,,BallenySeamounts
8/22/2015 15:19:34,Bekes County,https://en.wikipedia.org/wiki/%C3%9Ajszalonta,Újszalonta,Újszalonta; bekes; county; hungary,https://upload.wikimedia.org/wikipedia/commons/e/e6/BekesCounty.png,,,BekesCounty
9/1/2015 18:20:25,Belle Isle,https://en.wikipedia.org/wiki/Belle_Isle_Park_(Michigan),Belle Isle Park (Michigan),Michigan; no map,,Jimmy McBroom,Yes,BelleIsle
8/28/2015 17:00:22,Belur Math Location,https://en.wikipedia.org/wiki/Belur_Math,Belur Math,india; kolkata; howrah; kolkata; location maps; no map,,,,BelurMathLocation
8/28/2015 11:47:11,Boundary Waters Canoe Area,https://en.wikipedia.org/wiki/Boundary_Waters,Boundary Waters,park; reserve; boundary; international,https://upload.wikimedia.org/wikipedia/commons/a/a4/Bwca_map.png,Nat Case,Yes,BoundaryWatersCanoeArea
8/22/2015 15:14:35,"Bridlington, UK",https://en.wikipedia.org/wiki/Bridlington,Bridlington,bridlington; united kingdom; europe,https://upload.wikimedia.org/wikipedia/commons/c/ce/East_Riding_of_Yorkshire_UK_location_map.svg,,,"Bridlington,UK"
8/22/2015 15:12:06,Brown Rat Population Distribution,https://en.wikipedia.org/wiki/Brown_rat,Brown Rat,rat; population; world,https://upload.wikimedia.org/wikipedia/commons/2/20/Brown_rat_distribution.png,Dylan Moriarty,Yes,BrownRatPopulationDistribution
8/22/2015 19:25:53,"Camyurdu, Mudurnu","https://en.wikipedia.org/wiki/%C3%87amyurdu,_Mudurnu","Çamyurdu, Mudurnu",Çamyurdu; mudurnu; turkey; europe; no map,,,,"Camyurdu,Mudurnu"
8/28/2015 11:39:08,Cascade Volcanic Arc,https://en.wikipedia.org/wiki/Cascade_Range,Cascade Range,Geology; North America; Volcanism; Cascades,https://upload.wikimedia.org/wikipedia/commons/f/fc/Cascade_Volcanic_Arc.jpg,,,CascadeVolcanicArc
8/22/2015 15:13:53,Chianti areas in Tuscany,https://en.wikipedia.org/wiki/List_of_wine-producing_regions#Italy,List of wine-producing regions,tuscany; italy; europe,https://upload.wikimedia.org/wikipedia/commons/f/fd/Sottozone_chianti.jpg,,,ChiantiareasinTuscany
8/22/2015 15:17:11,Chilean Wine regions,https://en.wikipedia.org/wiki/Chilean_wine#Climate_and_geography,Chilean Wine,chile; south america; wine,https://upload.wikimedia.org/wikipedia/commons/5/56/Chile_map2_with_wine_regions_highlighted.JPG,,,ChileanWineregions
8/28/2015 18:31:35,City of Brno,https://en.wikipedia.org/wiki/Brno,Brno,czech republic,https://upload.wikimedia.org/wikipedia/commons/1/11/M%C4%9Bstsk%C3%A9_%C4%8D%C3%A1sti_Brna_a_jejich_znaky.png,Nick Short,Yes,CityofBrno
9/1/2015 19:21:19,Coleman A. Young Airport,https://en.wikipedia.org/wiki/Coleman_A._Young_International_Airport,Coleman A. Young Airport,Detroit; airport; no map,,Alex Hill,Yes,ColemanA.YoungAirport
8/22/2015 13:43:38,Coquimatlán Municipality,https://en.wikipedia.org/wiki/Coquimatl%C3%A1n_Municipality,Coquimatlán Municipality,Coquimatlán; Municipality; mexico; central america,https://upload.wikimedia.org/wikipedia/commons/5/56/Coquimatlan_en_Colima.svg,Dylan Moriarty,Done,CoquimatlánMunicipality
8/28/2015 20:57:25,Crissy Field,https://en.wikipedia.org/wiki/Crissy_Field,Crissy Field,Crissy Field; no map,,Roderick Chow,Yes,CrissyField
8/28/2015 14:33:08,Czech Republic in Europe,https://en.wikipedia.org/wiki/Czech_Republic,Czech Republic,europe; czech republic; nation,https://upload.wikimedia.org/wikipedia/commons/thumb/3/31/EU-Czech_Republic.svg/250px-EU-Czech_Republic.svg.png,,,CzechRepublicinEurope
9/1/2015 18:10:52,"Delray, Detroit","https://en.wikipedia.org/wiki/Delray,_Detroit","Delray, Detroit",Detroit; Delray; no map,,,,"Delray,Detroit"
8/28/2015 11:18:26,Detroit Wall,https://en.wikipedia.org/wiki/Detroit_Wall,Detroit Wall,Detroit; Michigan; no map,,Ed Vielmetti (switched from Pat Sier),Yes,DetroitWall
8/22/2015 17:41:50,Diplomatic Missions of Qatar,https://en.wikipedia.org/wiki/List_of_diplomatic_missions_of_Qatar,List of diplomatic missions of Qatar,diplomatic; missions; qatar; middle east; ,https://upload.wikimedia.org/wikipedia/commons/c/ce/Diplomatic_missions_of_Qatar.PNG,,,DiplomaticMissionsofQatar
8/22/2015 13:16:38,Distancia a la costa,https://en.wikipedia.org/wiki/Pole_of_inaccessibility,Pole of inaccessibility,isolines; world; poles,https://upload.wikimedia.org/wikipedia/commons/a/ad/Distancia_a_la_costa.png,,,Distanciaalacosta
8/28/2015 18:26:35,El Jadida Province,https://en.wikipedia.org/wiki/El_Jadida_Province,El Jadida Province,morocco; el jadida; doukkala; no map,,Amy Rock,Yes,ElJadidaProvince
8/28/2015 15:52:31,Equatorial Guinea,https://en.wikipedia.org/wiki/Equatorial_Guinea,Equatorial Guinea,africa; nation; no detail; Equatorial Guinea; no map,,,,EquatorialGuinea
8/22/2015 13:42:20,Expansion of the Hittite Empire,https://en.wikipedia.org/wiki/Arzawa,Arzawa,arzawa; hittite; empire,https://upload.wikimedia.org/wikipedia/commons/8/84/Hittite_Empire.png,,,ExpansionoftheHittiteEmpire
8/22/2015 13:13:39,Fort Hall,https://en.wikipedia.org/wiki/Fort_Hall,Fort Hall,fort; hall; oregon; california ,https://40.media.tumblr.com/bfd8f5ad0ce1be8939a3a2027ef89a2e/tumblr_no9mdwkOGP1uvxx7mo1_400.png,,,FortHall
9/1/2015 18:31:52,"Fort Wayne, Detroit",https://en.wikipedia.org/wiki/Fort_Wayne_(Detroit),"Fort Wayne, Detroit",Detroit; no map,,,,"FortWayne,Detroit"
8/22/2015 14:13:42,Goose Lakes,https://en.wikipedia.org/wiki/Goose_Lakes,Goose Lakes,lake; water; no map,,,,GooseLakes
8/22/2015 14:14:49,Gorj County in Romania,https://en.wikipedia.org/wiki/Gorj_County#Neighbours,Gorj County,gorj; romania; europe,https://upload.wikimedia.org/wikipedia/commons/0/09/Romania_judete.svg,N. Panchaud,Yes,GorjCountyinRomania
8/22/2015 19:35:20,Grand Prix of St. Petersburg,https://en.wikipedia.org/wiki/Grand_Prix_of_St._Petersburg,Grand Prix of St. Petersburg,grand prix; st. petersburg; florida; usa,https://upload.wikimedia.org/wikipedia/commons/5/56/St._Petersburg_street_%26_airport_racing_circuit.svg,,,GrandPrixofSt.Petersburg
8/22/2015 19:57:20,Hakone Tozan Line,https://en.wikipedia.org/wiki/Hakone_Tozan_Line,Hakone Tozan Line,Hakone; transportation; train; japan; asia; no map,,,,HakoneTozanLine
8/22/2015 17:52:39,Highland Recreation Area,https://en.wikipedia.org/wiki/Highland_Recreation_Area,Highland Recreation Area,recreation; highland; michigan; usa; no map,,Chelsea Rozek,Yes,HighlandRecreationArea
9/1/2015 17:32:44,Huron River Chain of Lakes,https://en.wikipedia.org/wiki/Huron_river_chain_of_lakes,Huron river chain of lakes,michigan; lakes,https://upload.wikimedia.org/wikipedia/commons/thumb/4/46/Huron_River_Michigan_map.png/2560px-Huron_River_Michigan_map.png,,,HuronRiverChainofLakes
8/22/2015 13:24:09,Invasion of the Roman Empire,https://en.wikipedia.org/wiki/Germany#Germanic_tribes_and_Frankish_Empire,Germany,germany; roman empire; europe,https://upload.wikimedia.org/wikipedia/commons/2/2d/Invasions_of_the_Roman_Empire_1.png,,,InvasionoftheRomanEmpire
8/29/2015 13:25:31,"Isla de la Plata, Ecuador",https://en.wikipedia.org/wiki/Isla_de_la_Plata,Isla de la Plata,Ecuador; Isla de la Plata; Ecological Reserve; Manabí; Parque Nacional Machalilla,,,,"IsladelaPlata,Ecuador"
8/28/2015 17:05:27,Joaquin Miller Park,https://en.wikipedia.org/wiki/Joaquin_Miller_Park#Park,Joaquin Miller Park,Parks in Oakland; California; City of Oakland Parks and Recreation; no map,,,,JoaquinMillerPark
8/28/2015 16:59:09,Kalighat Kali Temple,https://en.wikipedia.org/wiki/Kalighat_Kali_Temple,Kalighat Kali Temple,india; temples; kolkata; landmarks; location maps; no map,,,,KalighatKaliTemple
8/29/2015 18:58:05,Kingston metro area,"https://en.wikipedia.org/wiki/Kingston,_Jamaica","Kingston, Jamaica",jamaica; kingston; city; no map,,,,Kingstonmetroarea
8/22/2015 15:33:55,Kuru Kingdom,https://en.wikipedia.org/wiki/Kuru_Kingdom,Kuru Kingdom,kuru; kingdom; india; asia,https://upload.wikimedia.org/wikipedia/commons/5/51/Late_Vedic_Culture_%281100-500_BCE%29.png,,,KuruKingdom
8/22/2015 17:59:07,Kvæfjord,https://en.wikipedia.org/wiki/Kv%C3%A6fjord,Kvæfjord,norway; europe; fjord,https://upload.wikimedia.org/wikipedia/commons/e/ed/Kv%C3%A6fjord_map.jpg,Philip Schall,Yes,Kvæfjord
8/28/2015 18:55:27,La Garita Wilderness,https://en.wikipedia.org/wiki/La_Garita_Wilderness,La Garita Wilderness,national park; usa; no map,,,,LaGaritaWilderness
8/28/2015 19:07:46,Lagos,https://en.wikipedia.org/wiki/Lagos,Lagos,nigeria; africa; city; no map,,,,Lagos
8/22/2015 14:26:28,Lahore Marathon,https://en.wikipedia.org/wiki/Lahore_Marathon,Lahore Marathon,marathon; pakistan; middle east; no map,,,,LahoreMarathon
8/28/2015 21:04:45,Lime Kiln State Park,https://en.wikipedia.org/wiki/Lime_Kiln_Point_State_Park,Lime Kiln State Park,Lime Kiln State Park; no map,,,,LimeKilnStatePark
8/22/2015 18:08:01,List of county courthouses in South Carolina,https://en.wikipedia.org/wiki/List_of_county_courthouses_in_South_Carolina,List of county courthouses in South Carolina,courthouse; south carolina; usa; north america; no map,,,,ListofcountycourthousesinSouthCarolina
8/22/2015 17:44:09,List of English districts by population,https://en.wikipedia.org/wiki/List_of_English_districts_by_population,List of English districts by population,england; district; europe; no map,,,,ListofEnglishdistrictsbypopulation
8/28/2015 21:10:18,Location of Ottawa in Ontario,https://en.wikipedia.org/wiki/Ottawa,Ottawa,ottawa; ontario; canada,https://upload.wikimedia.org/wikipedia/commons/b/b9/Map_of_Ontario_OTTAWA.svg,,,LocationofOttawainOntario
8/28/2015 20:56:19,Lombard St. (San Francisco),https://en.wikipedia.org/wiki/Lombard_Street_(San_Francisco),Lombard Street (San Francisco),Lombard Street; San Francisco; california; no map,,,,LombardSt.(SanFrancisco)
8/28/2015 20:54:40,Louise M. Davies Symphony Hall,https://en.wikipedia.org/wiki/Louise_M._Davies_Symphony_Hall,Louise M. Davies Symphony Hall,Davies Hall; no map,,Roderick Chow,Yes,LouiseM.DaviesSymphonyHall
8/28/2015 12:57:16,Maasai Mara National Reserve of Kenya,https://en.wikipedia.org/wiki/Maasai_Mara,Masai Mara,Africa; Kenya; Parks; National Parks; Tourist Destination; Reference Map,https://upload.wikimedia.org/wikipedia/commons/9/9d/Kenya_relief_location_map.jpg,,,MaasaiMaraNationalReserveofKenya
8/22/2015 18:07:16,Major interstates in Canada,https://en.wikipedia.org/wiki/Roads_in_Canada,Roads in Canada,roads; interstate; canada; north america; ,https://upload.wikimedia.org/wikipedia/commons/1/17/Roads-Canada-frame2.png,,,MajorinterstatesinCanada
8/29/2015 15:13:52,Map of Whidbey Island ,https://en.wikipedia.org/wiki/Whidbey_Island,Whidbey Island,island; topo,https://upload.wikimedia.org/wikipedia/commons/5/53/WhidbeyIsland04.jpg,Brian Davidson,Yes,MapofWhidbeyIsland
8/28/2015 12:10:44,Map showing the word for wine in European languages,https://en.wikipedia.org/wiki/Wine,Wine,wine; europe; history,https://upload.wikimedia.org/wikipedia/commons/c/ca/Word_for_Wine_in_European_languages.svg,,,MapshowingthewordforwineinEuropeanlanguages
8/22/2015 19:56:27,Mazda Raceway Laguna Seca,https://en.wikipedia.org/wiki/Mazda_Raceway_Laguna_Seca,Mazda Raceway Laguna Seca,raceway; track; california; usa,https://upload.wikimedia.org/wikipedia/commons/5/57/Laguna_Seca.svg,Kevin Russell,Yes,MazdaRacewayLagunaSeca
8/22/2015 14:57:02,Medieval Norse Understanding of the Known World,https://en.wikipedia.org/wiki/Norse_colonization_of_the_Americas#Western_trade_and_decline,Norse Colonization of the Americas,medieval; norse; world,https://upload.wikimedia.org/wikipedia/commons/5/58/Norse-world.png,Hans van der Maarel,Yes,MedievalNorseUnderstandingoftheKnownWorld
8/28/2015 18:23:28,Mediouna Province,https://en.wikipedia.org/wiki/Mediouna_Province,Mediouna Province,morocco; mediouna; grand casablanca; no map,,,,MediounaProvince
8/22/2015 14:30:37,"Melgar, Tolima","https://en.wikipedia.org/wiki/Melgar,_Tolima","Melgar, Tolima",colombia; south america,https://upload.wikimedia.org/wikipedia/commons/7/7d/Colombia_-_Tolima_-_Melgar.svg,,,"Melgar,Tolima"
9/1/2015 17:53:09,"Midtown, Detroit",https://en.wikipedia.org/wiki/Midtown_Detroit,"Midtown, Detroit",michigan; detroit,https://upload.wikimedia.org/wikipedia/commons/b/b4/Detroitareamap2.png,Alex Hill,Yes,"Midtown,Detroit"
8/29/2015 9:55:59,Minneapolis-St Paul Metropolitan Area,https://en.wikipedia.org/wiki/Minneapolis%E2%80%93Saint_Paul,Minneapolis-Saint Paul,"Minnesota, United States",https://upload.wikimedia.org/wikipedia/commons/4/42/Minneapolis%E2%80%93St._Paul%E2%80%93St._Cloud_CSA.png,,,Minneapolis-StPaulMetropolitanArea
8/22/2015 18:10:09,Mistaken Point Ecological Reserve,https://en.wikipedia.org/wiki/Mistaken_Point_Ecological_Reserve,Mistaken Point Ecological Reserve,reserve; ecology; newfoundland; canada; north america,https://upload.wikimedia.org/wikipedia/commons/7/78/Newfoundland_map.png,,,MistakenPointEcologicalReserve
8/22/2015 17:18:49,Mlawula Nature Reserve,https://en.wikipedia.org/wiki/Mlawula_Nature_Reserve,Mlawula Nature Reserve,Mlawula; nature; swaziland; africa; no map,,,,MlawulaNatureReserve
8/28/2015 12:21:34,Moisture Channel,https://en.wikipedia.org/wiki/Snake_River_Plain,Snake River Plain,Hydrography; Pacific Northwest; Idaho; Snake River; Cascades; Yellowstone,https://upload.wikimedia.org/wikipedia/commons/0/03/MoistureChannel.jpg,,,MoistureChannel
8/29/2015 9:41:49,Mongol Empire 1259,https://en.wikipedia.org/wiki/Mongol_Empire,Mongol Empire,Historic; Asia,https://upload.wikimedia.org/wikipedia/commons/f/f4/MongolEmpire.jpg,,,MongolEmpire1259
8/28/2015 14:39:58,"Morocco, Global Locator",https://en.wikipedia.org/wiki/Morocco,Morocco,africa; morocco; nation; no map,,,,"Morocco,GlobalLocator"
8/28/2015 17:11:32,Mountain View Cemetery,"https://en.wikipedia.org/wiki/Mountain_View_Cemetery_%28Oakland,_California%29","Mountain View Cemetery (Oakland, California)","Cemeteries; Visitor Attractions in Oakland, California; Landmarks in the San Francisco Bay Area; Chapel of the Chimes",,,,MountainViewCemetery
8/28/2015 18:13:29,NC Topographic map,https://en.wikipedia.org/wiki/North_Carolina,North Carolina,North Carolina; topographic,https://upload.wikimedia.org/wikipedia/commons/3/39/North_carolina_topographic.jpg,Kelly Wright,Yes,NCTopographicmap
8/22/2015 15:18:29,New Hampshire historical markers,https://en.wikipedia.org/wiki/New_Hampshire_historical_markers,New Hampshire historical markers,new hampshire; usa; no map,,,,NewHampshirehistoricalmarkers
8/29/2015 13:15:31,Niagara Escarpment,https://en.wikipedia.org/wiki/Niagara_Escarpment,Niagara Escarpment,niagara; usa; canada; escarpment; physical geography; michigan; ontario; wisconsin,https://upload.wikimedia.org/wikipedia/commons/1/18/Niagara_Escarpment_map.png,Chris Henrick,Yes,NiagaraEscarpment
8/28/2015 21:24:31,Niagara Peninsula,https://en.wikipedia.org/wiki/Niagara_Peninsula,Niagara Peninsula,canada; niagara,https://upload.wikimedia.org/wikipedia/commons/f/f7/NiagaraPeninsulaLocator.png,Chris Henrick,Yes,NiagaraPeninsula
8/22/2015 13:58:20,Nine Mile Creek Aqueduct,https://en.wikipedia.org/wiki/Nine_Mile_Creek_Aqueduct,Nine Mile Creek Aqueduct,aqueduct; new york; usa; no map,,,,NineMileCreekAqueduct
9/1/2015 1:01:11,No map available,https://en.m.wikipedia.org/wiki/Waldo_lake,Waldo Lake,Oregon; Waldo Lake; Lakes; Northwest United States; no map,,,,Nomapavailable
8/22/2015 14:41:44,No-vote in % per Ukrainian Oblast,"https://en.wikipedia.org/wiki/Ukrainian_independence_referendum,_1991#By_region","Ukrainian independence referendum, 1991",ukraine; election; europe,https://upload.wikimedia.org/wikipedia/commons/a/a4/Ukr_Referendum_1991_No.png,Chris Doscher,Yes,No-votein%perUkrainianOblast
8/28/2015 18:24:28,Nouaceur Province,https://en.wikipedia.org/wiki/Nouaceur_Province,Nouaceur Province,morocco; nouaceur; grand casablanca; no map,,,,NouaceurProvince
8/28/2015 21:08:34,"NRC regions and locations of nuclear reactors, 2008",https://en.wikipedia.org/wiki/Nuclear_power_in_the_United_States,Nuclear power in the United States,nuclear power; power plants; outdated,https://upload.wikimedia.org/wikipedia/commons/2/2d/NRC_regions_and_plant_locations_2008.jpg,,,"NRCregionsandlocationsofnuclearreactors,2008"
8/31/2015 11:03:27,Nuclear Power Plant Status,https://en.wikipedia.org/wiki/Nuclear_power_in_the_United_States#Economics,Nuclear power in the United States,power; nuclear; usa; power plant,https://upload.wikimedia.org/wikipedia/commons/d/de/US_Nuclear_Power_Plant_Status_9-2013.PNG,,,NuclearPowerPlantStatus
8/22/2015 13:44:38,O Môn District,https://en.wikipedia.org/wiki/%C3%94_M%C3%B4n_District,Ô Môn District,Ô Môn; District; vietnam; asia,https://upload.wikimedia.org/wikipedia/commons/1/11/O_Mon_District.png,,,OMônDistrict
8/28/2015 17:14:28,Old Mission Peninsula AVA,https://en.wikipedia.org/wiki/Old_Mission_Peninsula_AVA,Old Mission Peninsula AVA,no map; wine; michigan; old mission,,,,OldMissionPeninsulaAVA
8/28/2015 18:47:31,Olympic Mountains,https://en.wikipedia.org/wiki/Olympic_Mountains,Olympic Mountains,mountain range; geology; inexact; no map,,,,OlympicMountains
8/22/2015 17:53:20,Oma Nuclear Power Plant,https://en.wikipedia.org/wiki/%C5%8Cma_Nuclear_Power_Plant,Ōma Nuclear Power Plant,Ōma; nuclear; power plant; japan; asia; no map,,,,OmaNuclearPowerPlant
8/28/2015 21:08:20,"Orcas Island, WA",https://en.wikipedia.org/wiki/Orcas_Island,Orcas Island,Orcas Island; island; no map,,Evan Derickson,Yes,"OrcasIsland,WA"
8/22/2015 19:43:53,Park Road Park,"https://en.wikipedia.org/wiki/Park_Road_Park_(Charlotte,_North_Carolina)",Park Road Park,park; charlotte; north carolina; usa; no map,,,,ParkRoadPark
8/30/2015 8:31:12,Pictou County,"https://en.wikipedia.org/wiki/Pictou_County,_Nova_Scotia",Sobeys,Canada; Sobeys; Pictou; no map,,Ted MacKinnon,Yes,PictouCounty
8/22/2015 14:22:03,Poh Ern Shih Temple,https://en.wikipedia.org/wiki/Poh_Ern_Shih_Temple,Poh Ern Shih Temple,china; temple; asia; no map,,,,PohErnShihTemple
8/22/2015 14:20:42,Powiat of Poland,https://en.wikipedia.org/wiki/Powiat,Powiat,powiat; poland; europe,https://upload.wikimedia.org/wikipedia/commons/c/ca/POLSKA_mapa_powiaty2.png,,,PowiatofPoland
8/22/2015 19:24:21,"Prees, Shropshire","https://en.wikipedia.org/wiki/Prees,_Shropshire","Prees, Shropshire",prees; shropshire; england; europe,https://upload.wikimedia.org/wikipedia/commons/3/3b/Shropshire_UK_location_map.svg,,,"Prees,Shropshire"
9/2/2015 18:24:09,Production of Wine by Country,https://en.wikipedia.org/wiki/List_of_wine-producing_regions,List of wine-producing regions,wine; production; US$; 2009; world,https://upload.wikimedia.org/wikipedia/commons/f/f0/World_Wine_Areas.jpg,,,ProductionofWinebyCountry
8/22/2015 17:57:53,"Punta Gorda, Montevideo","https://en.wikipedia.org/wiki/Punta_Gorda,_Montevideo","Punta Gorda, Montevideo",montevideo; uruaguay; south america; ,https://upload.wikimedia.org/wikipedia/commons/b/b5/Punta_Gorda.png,John Vincent,Yes,"PuntaGorda,Montevideo"
8/22/2015 14:24:29,"Raleigh, Mississippi","https://en.wikipedia.org/wiki/Raleigh,_Mississippi","Raleigh, Mississippi",mississippi; usa,https://upload.wikimedia.org/wikipedia/commons/b/bd/Smith_County_Mississippi_Incorporated_and_Unincorporated_areas_Raleigh_Highlighted.svg,,,"Raleigh,Mississippi"
8/22/2015 17:51:22,"Rantowles, Hollywood, South Carolina","https://en.wikipedia.org/wiki/Rantowles,_Hollywood,_South_Carolina","Rantowles, Hollywood, South Carolina",rantowles; hollywood; south carolina; usa; no map,,,,"Rantowles,Hollywood,SouthCarolina"
8/28/2015 18:20:17,Regions of Morocco,https://en.wikipedia.org/wiki/Morocco,Morocco,morocco; regions,https://upload.wikimedia.org/wikipedia/commons/4/44/Morocco_Regions_97-11_numbered.svg,Sherrie Hubble,Yes,RegionsofMorocco
8/22/2015 14:48:43,Results of the Ukrainian independence referendum,"https://en.wikipedia.org/wiki/Ukrainian_independence_referendum,_1991#The_referendum","Ukrainian independence referendum, 1991",ukraine; independence; europe,https://upload.wikimedia.org/wikipedia/commons/0/06/Ukr_Referendum_1991.png,Chris Doscher,Yes,ResultsoftheUkrainianindependencereferendum
8/22/2015 13:28:21,"Riečka, Banská Bystrica District","https://en.wikipedia.org/wiki/Rie%C4%8Dka,_Bansk%C3%A1_Bystrica_District","Riečka, Banská Bystrica District",Riečka; slovakia,https://36.media.tumblr.com/ae71361a465ea923fd1a75b4105fcb51/tumblr_inline_nocwkq6ahz1qhxt4g_540.png,,,"Riečka,BanskáBystricaDistrict"
8/22/2015 19:47:21,"Sabu, Sudan","https://en.wikipedia.org/wiki/Sabu,_Sudan","Sabu, Sudan",Sabu; Sudan; africa; no map,,,,"Sabu,Sudan"
8/28/2015 18:26:59,Safi Province,https://en.wikipedia.org/wiki/Safi_Province,Safi Province,morocco; safi; doukkala; no map,,Amy Rock,Yes,SafiProvince
8/28/2015 12:18:38,Saline Wetlands of Lancaster County NE by category,https://en.wikipedia.org/wiki/Saline_Wetlands_Conservation_Partnership,Saline Wetlands Conservation Partnership,Lancaster County; Wetlands; Saline Wetlands; Conservation ,https://upload.wikimedia.org/wikipedia/commons/b/ba/Lancaster_saline_8x11_200dpi-1-.jpg,,,SalineWetlandsofLancasterCountyNEbycategory
8/28/2015 20:51:54,San Francisco City Hall,https://en.wikipedia.org/wiki/San_Francisco_City_Hall,San Francisco City Hall,San Francisco; SF City Hall; no map,,Roderick Chow,Yes,SanFranciscoCityHall
8/28/2015 19:01:12,"San José, Costa Rica","https://en.wikipedia.org/wiki/San_Jos%C3%A9,_Costa_Rica","San José, Costa Rica",city; costa rica; central america; upgrade,https://upload.wikimedia.org/wikipedia/commons/thumb/c/cd/San_Jose%2C_Costa_Rica_-_City_map.png/275px-San_Jose%2C_Costa_Rica_-_City_map.png,,,"SanJosé,CostaRica"
8/28/2015 21:06:54,San Juan Island,https://en.wikipedia.org/wiki/San_Juan_Island,San Juan Island,Friday Harbor,https://upload.wikimedia.org/wikipedia/commons/6/6e/USA_Washington_location_map.svg,Evan Derickson,Yes,SanJuanIsland
8/22/2015 14:01:22,Sankhuwasabha District,https://en.wikipedia.org/wiki/Sankhuwasabha_District,Sankhuwasabha District,nepal; asia,https://upload.wikimedia.org/wikipedia/commons/7/73/NepalSankhuwasabhaDistrictmap.png,,,SankhuwasabhaDistrict
8/22/2015 14:00:07,Sankhuwasabha District in Nepal,https://en.wikipedia.org/wiki/Sankhuwasabha_District,Sankhuwasabha District,nepal; asia,https://upload.wikimedia.org/wikipedia/commons/a/ae/Sankhuwasabha_district_location.png,,,SankhuwasabhaDistrictinNepal
8/22/2015 14:06:51,Scarisbrick Hall School,https://en.wikipedia.org/wiki/Scarisbrick_Hall_School,Scarisbrick Hall School,scarisbrick; england; europe; no map,,,,ScarisbrickHallSchool
8/22/2015 14:08:41,Sebauh sub-district in Malaysia,https://en.wikipedia.org/wiki/Sebauh,Sebauh,malaysia; asia,https://upload.wikimedia.org/wikipedia/commons/3/35/Sarawakbintulusebauh.png,,,Sebauhsub-districtinMalaysia
8/28/2015 18:39:15,"Siskiyou Trail from Portland, Oregon, to San Francisco, California",https://en.wikipedia.org/wiki/Siskiyou_Trail,Siskiyou Trail,Historic Trails and Roads in California; California Central Valley; Oregon Willamette Valley; ,https://upload.wikimedia.org/wikipedia/commons/5/56/Siskiyou_Trail.jpg,,,"SiskiyouTrailfromPortland,Oregon,toSanFrancisco,California"
8/22/2015 17:37:40,Slovakian wine regions,https://en.wikipedia.org/wiki/Slovak_wine#Regions,Slovak Wine,slovakia; europe; wine; region,https://upload.wikimedia.org/wikipedia/commons/f/f4/Vinohradnicke_oblasti_Slovenska.png,Monica Lloyd,Yes,Slovakianwineregions
8/22/2015 17:39:14,Slovenian wine regions,https://en.wikipedia.org/wiki/Slovenian_wine#Climate_and_geography,Slovenian Wine,slovenia; europe; wine; region,https://upload.wikimedia.org/wikipedia/commons/7/7d/Slovenia_wine_regions.JPG,Monica Lloyd,Yes,Slovenianwineregions
8/22/2015 19:51:42,Sonqor County,https://en.wikipedia.org/wiki/Sonqor_County,Sonqor County,sonqor; county; iran; middle east; no map,,Sepideh Miller,Yes,SonqorCounty
8/29/2015 9:39:27,Spanish Empire time series,https://en.wikipedia.org/wiki/Spanish_Empire,Spanish Empire,spanish; empire; No Map,,,,SpanishEmpiretimeseries
8/22/2015 17:22:39,Spanish Wine Regions,https://en.wikipedia.org/wiki/Spanish_wine#Wine_regions,Spanish Wine,spain; wine; region; europe,https://upload.wikimedia.org/wikipedia/commons/5/52/Vinos_DO_de_Espa%C3%B1a.png,,,SpanishWineRegions
8/29/2015 11:04:33,St Anthony Falls,https://en.wikipedia.org/wiki/Saint_Anthony_Falls,Saint Anthony Falls,No Map; Minnesota,,,,StAnthonyFalls
8/22/2015 14:52:30,Sub Atlantic Regions in Europe,https://en.wikipedia.org/wiki/Atlantic_Europe,Atlantic Europe,atlantic; sub regions; europe,https://upload.wikimedia.org/wikipedia/commons/d/de/Atlantic-Europe.jpg,,,SubAtlanticRegionsinEurope
8/22/2015 17:36:44,Swain County Courthouse,https://en.wikipedia.org/wiki/Swain_County_Courthouse,Swain County Courthouse,north carolina; usa; no map,,,,SwainCountyCourthouse
8/27/2015 14:22:55,Texas Courts of Appeals,https://en.wikipedia.org/wiki/Texas_Courts_of_Appeals,Texas Courts of Appeals,Texas; law; polygons,https://upload.wikimedia.org/wikipedia/commons/9/95/TXcoadistricts.png,Sherrie Hubble,Yes,TexasCourtsofAppeals
8/22/2015 14:32:50,The Florist Kingdoms of the World,https://en.wikipedia.org/wiki/Phytochorion#Good.27s_floristic_regionalization,Phytochorion,flower; kingdom; world,https://upload.wikimedia.org/wikipedia/commons/c/c9/Florenreiche.jpg,,,TheFloristKingdomsoftheWorld
8/22/2015 14:50:38,The Floristic Regions of the Europe,https://en.wikipedia.org/wiki/Atlantic_Europe,Atlantic Europe,flowers; region; europe,https://upload.wikimedia.org/wikipedia/commons/8/87/Floristic_regions_in_Europe_%28english%29.png,,,TheFloristicRegionsoftheEurope
8/22/2015 13:39:16,The Hamptons,https://en.wikipedia.org/wiki/The_Hamptons,The Hamptons,the hamptons; usa; new york,https://upload.wikimedia.org/wikipedia/commons/8/8c/The_Hamptons.jpg,Karen Mulcahy,Yes,TheHamptons
8/22/2015 15:07:24,The Holy Roman Empire,https://en.wikipedia.org/wiki/Holy_Roman_Empire#Imperial_reform,Holy Roman Empire,roman empire; europe,https://upload.wikimedia.org/wikipedia/commons/a/a0/HRR_1400.png,,,TheHolyRomanEmpire
8/22/2015 13:48:59,The Regions of South Africa,https://en.wikipedia.org/wiki/South_Africa#Geography,South Africa,south africa; africa; regions,https://upload.wikimedia.org/wikipedia/commons/c/cf/Regions_of_South_Africa_1.png,,Yes,TheRegionsofSouthAfrica
8/22/2015 13:19:46,The Time Zones of Europe,https://en.wikipedia.org/wiki/Time_in_Europe,Time in Europe,time; europe; time zones,https://upload.wikimedia.org/wikipedia/commons/thumb/7/71/Time_zones_of_Europe.svg/593px-Time_zones_of_Europe.svg.png,Anukiran Solur,Yes,TheTimeZonesofEurope
8/28/2015 16:53:36,Thousand Islands,https://en.wikipedia.org/wiki/Thousand_Islands,Thousand Islands,new york state; regions; north america; st lawrence river; no map,,Eliza Bettinger,Yes,ThousandIslands
8/28/2015 11:50:16,Tissot's Indicatrix,https://en.wikipedia.org/wiki/Tissot%27s_indicatrix,Tissot's Indicatrix,projection; geography; cartography; distortion; illustration,https://upload.wikimedia.org/wikipedia/commons/0/0e/Tissot_world_from_space.png,,,Tissot'sIndicatrix
8/28/2015 21:30:30,Toledo Strip,https://en.wikipedia.org/wiki/Toledo_War,Toledo War,needs context; michigan; ohio; toledo strip; usa,https://upload.wikimedia.org/wikipedia/commons/9/93/Disputed_Toledo_Strip.png,,,ToledoStrip
8/22/2015 13:48:13,Total rainfall during Hurricane Katrina in 2005,https://en.wikipedia.org/wiki/Hurricane_Katrina#Other_U.S._states_and_Canada,Hurricane Katrina,hurricane; usa; rain,https://upload.wikimedia.org/wikipedia/commons/b/b5/Katrina_2005_rainfall.gif,,,TotalrainfallduringHurricaneKatrinain2005
8/28/2015 18:33:01,Town of Coupeville,"https://en.wikipedia.org/wiki/Coupeville,_Washington","Coupeville, Wshington",town; usa; upgrade,https://upload.wikimedia.org/wikipedia/commons/thumb/9/9e/Island_County_Washington_Incorporated_and_Unincorporated_areas_Coupeville_Highlighted.svg/250px-Island_County_Washington_Incorporated_and_Unincorporated_areas_Coupeville_Highlighted.svg.png,,,TownofCoupeville
8/28/2015 16:52:11,Tug Hill,https://en.wikipedia.org/wiki/Tug_Hill,Tug Hill,new york state; regions; north america,https://upload.wikimedia.org/wikipedia/commons/8/81/NYS_Tug_Hill_Region_and_Core.svg,,,TugHill
8/22/2015 17:39:52,Turkish Wine Regions,https://en.wikipedia.org/wiki/Turkish_wine,Turkish Wine,turkey; europe; wine; region,https://upload.wikimedia.org/wikipedia/commons/8/8d/Turkish_wine_regions_map.png,,,TurkishWineRegions
8/22/2015 17:38:22,U.S. Route 33,https://en.wikipedia.org/wiki/U.S._Route_33,U.S. Route 33,road; transportation; ohio; usa,https://upload.wikimedia.org/wikipedia/commons/0/09/US_33_map.png,Chelsea Nestel,Yes,U.S.Route33
8/28/2015 11:30:10,Ungava magmatic event,https://en.wikipedia.org/wiki/Ungava_magmatic_event,Ungava Magmatic Event,Geology; Canada; North America; Volcanism,https://upload.wikimedia.org/wikipedia/commons/4/4b/Ungava_magmatic_event.png,,,Ungavamagmaticevent
8/22/2015 19:42:03,United Arab Emirates,https://en.wikipedia.org/wiki/United_Arab_Emirates,United Arab Emirates,UAE; middle east; regional,https://upload.wikimedia.org/wikipedia/commons/7/73/UAE_en-map.png,,,UnitedArabEmirates
8/22/2015 13:32:34,US Territorial Acquisitions,https://en.wikipedia.org/wiki/United_States#Independence_and_expansion,United States,usa; territories,https://upload.wikimedia.org/wikipedia/commons/9/94/U.S._Territorial_Acquisitions.png,Katie Kowalsky,Yes,USTerritorialAcquisitions
8/28/2015 21:11:23,US Uranium Fuel Sources 2012,https://en.wikipedia.org/wiki/Nuclear_power_in_the_United_States,Nuclear power in the United States,nuclear power; uranium imports; too small; outdated,https://upload.wikimedia.org/wikipedia/commons/d/d9/US_Uranium_Imports_2012.png,,,USUraniumFuelSources2012
8/22/2015 13:37:18,Viena expedition,https://en.wikipedia.org/wiki/Viena_expedition,Viena expedition,Viena; finland; expedition,https://upload.wikimedia.org/wikipedia/commons/f/fd/Viena-expedition.png,,,Vienaexpedition
8/27/2015 14:20:45,Vikings-Voyages,https://en.wikipedia.org/wiki/Viking_Age,Viking Age,exploration; vikings; middle ages,https://upload.wikimedia.org/wikipedia/commons/a/a7/Vikings-Voyages.png,Morgan Jarocki,Yes,Vikings-Voyages
8/28/2015 20:53:58,War Memorial Opera House,https://en.wikipedia.org/wiki/War_Memorial_Opera_House,War Memorial Opera House,war; memorial; opera house; no map,,Roderick Chow,Yes,WarMemorialOperaHouse
8/28/2015 14:41:27,Western Morocco Arabic,https://en.wikipedia.org/wiki/Western_Morocco_Arabic,Western Morocco Arabic,africa; morocco; arabic; language; upgrade,https://upload.wikimedia.org/wikipedia/commons/thumb/4/40/Western_Moroccan_Arabic_Map.PNG/220px-Western_Moroccan_Arabic_Map.PNG,,,WesternMoroccoArabic
8/28/2015 15:30:18,Wilkes Expedition,https://en.wikipedia.org/wiki/United_States_Exploring_Expedition,United States Exploring Expedition,Wilkes; battle,https://upload.wikimedia.org/wikipedia/commons/f/f2/Battles_Of_The_Wilkes_Expedition.png,,,WilkesExpedition
8/22/2015 15:29:41,Wine producing regions of Greece,https://en.wikipedia.org/wiki/List_of_wine-producing_regions#Greece,List of wine-producing regions,wine; greece; europe,https://upload.wikimedia.org/wikipedia/commons/f/f8/Greece_wine_regions_de.png,,,WineproducingregionsofGreece
8/22/2015 15:22:43,Wine Regions of France,https://en.wikipedia.org/wiki/French_wine,French Wine,france; wine; regions; europe,https://upload.wikimedia.org/wikipedia/commons/9/95/French_vineyards%E6%B3%95%E5%9C%8B%E9%85%92%E5%8D%80%E5%9C%B0%E5%9C%96.svg,,,WineRegionsofFrance
8/22/2015 17:20:09,Wine Regions of Portugal,https://en.wikipedia.org/wiki/Portuguese_wine#Wine_regions,Portuguese Wine,portgual; wine; region; europe,https://41.media.tumblr.com/20ef012b9863b469a443317864b1f75d/tumblr_inline_np8e89BU851qhxt4g_540.png,,,WineRegionsofPortugal
8/22/2015 13:52:48,"Worden, Oregon","https://en.wikipedia.org/wiki/Worden,_Oregon","Worden, Oregon",worden; oregon; usa; no map,,Kiri Carini,Yes,"Worden,Oregon"
8/30/2015 8:40:12,Yellowknife,https://en.wikipedia.org/wiki/Yellowknife,Yellowknife,Canada; Yellowknife; no map,,,,Yellowknife
9/6/2015 23:30:13,Porcupine Mountains,https://en.wikipedia.org/wiki/Porcupine_Mountains,Porcupine Mountains,no map; michigan; mountains; landforms,,,,PorcupineMountains
9/6/2015 23:30:50,Huron Mountains,https://en.wikipedia.org/wiki/Huron_Mountains,Huron Mountains,mountains; no map; michigan; terrain,,,,HuronMountains
9/8/2015 15:27:25,"Lostine River, Oregon",https://en.wikipedia.org/wiki/Lostine_River,Lostine River,"River, Water, Hydrography, Oregon, Pacific Northwest",https://upload.wikimedia.org/wikipedia/commons/8/8c/Oregon_Locator_Map.PNG,,,"LostineRiver,Oregon"
9/8/2015 15:29:02,Central Oregon,https://en.wikipedia.org/wiki/Central_Oregon,Central Oregon,"Oregon, Counties, Regions, Pacific Northwest",https://upload.wikimedia.org/wikipedia/commons/6/65/Central_Oregon_cropped.png,,,CentralOregon
9/8/2015 15:30:16,Wallowa Lake,https://en.wikipedia.org/wiki/Wallowa_Lake,Wallowa Lake,"Lake, Water, Oregon, Tourism",,,,WallowaLake
9/9/2015 14:18:32,Date format by Country,https://en.wikipedia.org/wiki/Date_format_by_country,Date format by Country,date; world; choropleth,https://upload.wikimedia.org/wikipedia/commons/0/05/Date_format_by_country.svg,Brian Davidson,Yes,DateformatbyCountry
9/12/2015 18:31:07,Detroit Wall,https://en.wikipedia.org/wiki/Detroit_Wall,Detroit Wall,"Detroit, Michigan",https://upload.wikimedia.org/wikipedia/commons/9/95/Detroit-wall-localwiki.png,,,DetroitWall
9/14/2015 22:05:49,World Map,https://en.wikipedia.org/wiki/Steatoda,Steatoda,spider; false widow; world; no map,,,,WorldMap
9/15/2015 9:42:23,Syria–United States relations,https://en.wikipedia.org/wiki/Syria%E2%80%93United_States_relations,Syria–United States relations,syria; united states; locator map,https://upload.wikimedia.org/wikipedia/commons/8/8b/Syria_USA_Locator.svg,,,Syria–UnitedStatesrelations
9/16/2015 17:05:57,Map of Louisiana's 64 parishes,https://en.wikipedia.org/wiki/Police_Jury,Police Jury,political; svg; island effect,https://upload.wikimedia.org/wikipedia/commons/7/76/Louisiana_parishes_map_magnified.jpg,Caitlyn Verret,Yes,MapofLouisiana's64parishes
9/25/2015 12:36:27,Territorial waters - New Zealand,https://en.wikipedia.org/wiki/Exclusive_economic_zone,Exclusive economic zone,mikedillion,https://upload.wikimedia.org/wikipedia/commons/d/d6/Territorial_waters_-_New_Zealand.svg,Mike Dillion,Yes,Territorialwaters-NewZealand
9/25/2015 16:47:59,United States Administrative Divisions Cities,https://en.wikipedia.org/wiki/List_of_United_States_cities_by_population,List of United States cities by population,mikedillion,https://upload.wikimedia.org/wikipedia/commons/d/d0/United_States_Administrative_Divisions_Cities.svg,Mike Dillion,Yes,UnitedStatesAdministrativeDivisionsCities
9/28/2015 8:46:37,Visa requirements map,https://en.wikipedia.org/wiki/Visa_requirements_for_United_States_citizens,Visa requirements for United States citizens,USA; visas; travel,https://upload.wikimedia.org/wikipedia/commons/a/a3/Visa_requirements_for_United_States_citizens.png,,,Visarequirementsmap
9/30/2015 8:28:48,Aratus of Sicyon,https://en.wikipedia.org/?curid=2115847,Aratus of Sicyon,aratus; sicyon; greece,https://upload.wikimedia.org/wikipedia/commons/a/ad/LifeOfAratus.jpg,,,